[
  {
    "id": 1,
    "rating": 5,
    "fortune": "大吉",
    "description": "万事如意, 好运连连, 尽情享受。",
    "image": ""
  },
  {
    "id": 2,
    "rating": 4,
    "fortune": "吉",
    "description": "偶有惊喜, 保持乐观, 一切顺利。",
    "image": ""
  },
  {
    "id": 3,
    "rating": 3,
    "fortune": "中平",
    "description": "波澜不惊, 按部就班, 平淡是福。",
    "image": ""
  },
  {
    "id": 4,
    "rating": 2,
    "fortune": "小凶",
    "description": "偶有麻烦, 保持冷静, 小心应对。",
    "image": ""
  },
  {
    "id": 5,
    "rating": 1,
    "fortune": "大凶",
    "description": "诸事不顺, 谨言慎行, 宜静不宜动。",
    "image": ""
  }
]
